text,link
,https://www.w3schools.com
Tutorials,javascript:void(0)
References,javascript:void(0)
Exercises,javascript:void(0)
Certificates,javascript:void(0)
Menu,javascript:void(0)
See More,javascript:void(0)
★+1,https://profile.w3schools.com/log-in
Get Certified,https://campus.w3schools.com/collections/course-catalog
Upgrade,https://order.w3schools.com/plans
Teachers,/academy/index.php
Spaces,/spaces/index.php
Bootcamps,/bootcamp/index.php
Get Certified,https://campus.w3schools.com/collections/course-catalog
Upgrade,https://order.w3schools.com/plans
Teachers,/academy/index.php
Spaces,https://spaces.w3schools.com
Bootcamps,/bootcamp/index.php
My W3Schools,https://pathfinder.w3schools.com
Spaces,/spaces/index.php
Get Certified,https://campus.w3schools.com/collections/course-catalog
Plus,https://order.w3schools.com/plans
Bootcamps,/bootcamp/index.php
Academy,/academy/index.php
Logout,https://profile.w3schools.com/logout
,https://www.youtube.com/@w3schools
,https://www.linkedin.com/company/w3schools.com/
,https://discord.com/invite/w3schools
,https://www.facebook.com/w3schoolscom/
,https://www.instagram.com/w3schools.com_official/
LearnHTML,/html/default.asp
Tutorial,/html/default.asp
Reference,/tags/default.asp
LearnCSS,/css/default.asp
Tutorial,/css/default.asp
Reference,/cssref/default.asp
LearnRWD,/css/css_rwd_intro.asp
Tutorial,/css/css_rwd_intro.asp
LearnBootstrap,/bootstrap/bootstrap_ver.asp
Overview,/bootstrap/bootstrap_ver.asp
LearnW3.CSS,/w3css/default.asp
Tutorial,/w3css/default.asp
Reference,/w3css/w3css_references.asp
LearnSass,/sass/default.asp
Tutorial,/sass/default.asp
Reference,/sass/sass_functions_string.asp
LearnColors,/colors/default.asp
Tutorial,/colors/default.asp
Reference,/colors/colors_fs595.asp
LearnIcons,/icons/default.asp
Tutorial,/icons/default.asp
Reference,/icons/icons_reference.asp
LearnSVG,/graphics/svg_intro.asp
Tutorial,/graphics/svg_intro.asp
Reference,/graphics/svg_reference.asp
LearnCanvas,/graphics/canvas_intro.asp
Tutorial,/graphics/canvas_intro.asp
Reference,/graphics/canvas_reference.asp
LearnGraphics,/graphics/default.asp
Tutorial,/graphics/default.asp
LearnUTF-8 and Emojis,/charsets/default.asp
Reference,/charsets/default.asp
LearnHow To,/howto/default.asp
Tutorial,/howto/default.asp
LearnAI,/ai/default.asp
Tutorial,/ai/default.asp
LearnGenerative AI,/gen_ai/index.php
Tutorial,/gen_ai/index.php
LearnChatGPT-3.5,/gen_ai/chatgpt-3-5/index.php
Tutorial,/gen_ai/chatgpt-3-5/index.php
LearnChatGPT-4,/gen_ai/chatgpt-4/index.php
Tutorial,/gen_ai/chatgpt-4/index.php
LearnGoogle Bard,/gen_ai/bard/index.php
Tutorial,/gen_ai/bard/index.php
LearnMachine Learning,/python/python_ml_getting_started.asp
Tutorial,/python/python_ml_getting_started.asp
LearnDSA,/dsa/index.php
Tutorial,/dsa/index.php
LearnData Science,/datascience/default.asp
Tutorial,/datascience/default.asp
LearnNumPy,/python/numpy/default.asp
Tutorial,/python/numpy/default.asp
LearnPandas,/python/pandas/default.asp
Tutorial,/python/pandas/default.asp
LearnSciPy,/python/scipy/index.php
Tutorial,/python/scipy/index.php
LearnMatplotlib,/python/matplotlib_intro.asp
Tutorial,/python/matplotlib_intro.asp
LearnStatistics,/statistics/index.php
Tutorial,/statistics/index.php
LearnExcel,/excel/index.php
Tutorial,/excel/index.php
LearnGoogle Sheets,/googlesheets/index.php
Tutorial,/googlesheets/index.php
Create a Website,/spaces/index.php
Create a ServerNEW,/spaces/index.php
Where To Start,/where_to_start.asp
Web Templates,/w3css/w3css_templates.asp
Web Statistics,/browsers/default.asp
Web Certificates,https://campus.w3schools.com
Web Development,/whatis/default.asp
Introduction to Programming,/programming/index.php
Introduction to HTML & CSS,/htmlcss/default.asp
Code Editor,/tryit/default.asp
Test Your Typing Speed,/typingspeed/default.asp
Play a Code Game,/codegame/index.html
Cyber Security,/cybersecurity/index.php
Accessibility,/accessibility/index.php
Join our Newsletter,https://campus.w3schools.com/pages/newsletter
LearnJavaScript,/js/default.asp
Tutorial,/js/default.asp
Reference,/jsref/default.asp
LearnReact,/react/default.asp
Tutorial,/react/default.asp
LearnjQuery,/jquery/default.asp
Tutorial,/jquery/default.asp
Reference,/jquery/jquery_ref_overview.asp
LearnVue,/vue/index.php
Tutorial,/vue/index.php
Reference,/vue/vue_ref_builtin-attributes.php
LearnAngular,/angular/default.asp
Tutorial,/angular/default.asp
LearnAngularJS,/angularjs/default.asp
Tutorial,/angularjs/default.asp
Reference,/angularjs/angularjs_ref_directives.asp
LearnJSON,/js/js_json_intro.asp
Tutorial,/js/js_json_intro.asp
Reference,/jsref/jsref_obj_json.asp
LearnAJAX,/js/js_ajax_intro.asp
Tutorial,/js/js_ajax_intro.asp
LearnAppML,/appml/default.asp
Tutorial,/appml/default.asp
Reference,/appml/appml_reference.asp
LearnW3.JS,/w3js/default.asp
Tutorial,/w3js/default.asp
Reference,/w3js/w3js_references.asp
Create a Website,/spaces/index.php
Create a ServerNEW,/spaces/index.php
Where To Start,/where_to_start.asp
Web Templates,/w3css/w3css_templates.asp
Web Statistics,/browsers/default.asp
Web Certificates,https://campus.w3schools.com
Web Development,/whatis/default.asp
Introduction to Programming,/programming/index.php
Introduction to HTML & CSS,/htmlcss/default.asp
Code Editor,/tryit/default.asp
Test Your Typing Speed,/typingspeed/default.asp
Play a Code Game,/codegame/index.html
Cyber Security,/cybersecurity/index.php
Accessibility,/accessibility/index.php
Join our Newsletter,https://campus.w3schools.com/pages/newsletter
LearnPython,/python/default.asp
Tutorial,/python/default.asp
Reference,/python/python_reference.asp
LearnSQL,/sql/default.asp
Tutorial,/sql/default.asp
Reference,/sql/sql_ref_keywords.asp
LearnMySQL,/mysql/default.asp
Tutorial,/mysql/default.asp
Reference,/mysql/mysql_datatypes.asp
LearnPHP,/php/default.asp
Tutorial,/php/default.asp
Reference,/php/php_ref_overview.asp
LearnJava,/java/default.asp
Tutorial,/java/default.asp
Reference,/java/java_ref_reference.asp
LearnC,/c/index.php
Tutorial,/c/index.php
Reference,/c/c_ref_reference.php
LearnC++,/cpp/default.asp
Tutorial,/cpp/default.asp
Reference,/cpp/cpp_ref_reference.asp
LearnC#,/cs/index.php
Tutorial,/cs/index.php
LearnR,/r/default.asp
Tutorial,/r/default.asp
LearnKotlin,/kotlin/index.php
Tutorial,/kotlin/index.php
LearnRust,/rust/index.php
Tutorial,/rust/index.php
LearnGo,/go/index.php
Tutorial,/go/index.php
LearnDjango,/django/index.php
Tutorial,/django/index.php
Reference,/django/django_ref_template_tags.php
LearnPostgreSQL,/postgresql/index.php
Tutorial,/postgresql/index.php
LearnTypeScript,/typescript/index.php
Tutorial,/typescript/index.php
LearnASP,/asp/default.asp
Tutorial,/asp/default.asp
Reference,/asp/asp_ref_vbscript_functions.asp
LearnNode.js,/nodejs/default.asp
Tutorial,/nodejs/default.asp
Reference,/nodejs/ref_modules.asp
LearnRaspberry Pi,/nodejs/nodejs_raspberrypi.asp
Tutorial,/nodejs/nodejs_raspberrypi.asp
LearnSwift,/swift/default.asp
Tutorial,/swift/default.asp
LearnGit,/git/default.asp
Tutorial,/git/default.asp
LearnBash,/bash/index.php
Tutorial,/bash/index.php
LearnMongoDB,/mongodb/index.php
Tutorial,/mongodb/index.php
LearnAWS Cloud,/aws/index.php
Tutorial,/aws/index.php
LearnXML,/xml/default.asp
Tutorial,/xml/default.asp
Reference,/xml/dom_nodetype.asp
LearnAI,/ai/default.asp
Tutorial,/ai/default.asp
LearnGenerative AI,/gen_ai/index.php
Tutorial,/gen_ai/index.php
LearnChatGPT-3.5,/gen_ai/chatgpt-3-5/index.php
Tutorial,/gen_ai/chatgpt-3-5/index.php
LearnChatGPT-4,/gen_ai/chatgpt-4/index.php
Tutorial,/gen_ai/chatgpt-4/index.php
LearnGoogle Bard,/gen_ai/bard/index.php
Tutorial,/gen_ai/bard/index.php
LearnMachine Learning,/python/python_ml_getting_started.asp
Tutorial,/python/python_ml_getting_started.asp
LearnDSA,/dsa/index.php
Tutorial,/dsa/index.php
LearnData Science,/datascience/default.asp
Tutorial,/datascience/default.asp
LearnNumPy,/python/numpy/default.asp
Tutorial,/python/numpy/default.asp
LearnPandas,/python/pandas/default.asp
Tutorial,/python/pandas/default.asp
LearnSciPy,/python/scipy/index.php
Tutorial,/python/scipy/index.php
LearnMatplotlib,/python/matplotlib_intro.asp
Tutorial,/python/matplotlib_intro.asp
LearnStatistics,/statistics/index.php
Tutorial,/statistics/index.php
LearnExcel,/excel/index.php
Tutorial,/excel/index.php
LearnGoogle Sheets,/googlesheets/index.php
Tutorial,/googlesheets/index.php
Create a Website,/spaces/index.php
Create a ServerNEW,/spaces/index.php
Where To Start,/where_to_start.asp
Web Templates,/w3css/w3css_templates.asp
Web Statistics,/browsers/default.asp
Web Certificates,https://campus.w3schools.com
Web Development,/whatis/default.asp
Introduction to Programming,/programming/index.php
Introduction to HTML & CSS,/htmlcss/default.asp
Code Editor,/tryit/default.asp
Test Your Typing Speed,/typingspeed/default.asp
Play a Code Game,/codegame/index.html
Cyber Security,/cybersecurity/index.php
Accessibility,/accessibility/index.php
Join our Newsletter,https://campus.w3schools.com/pages/newsletter
HTML TagsReference,/tags/default.asp
CSSReference,/cssref/default.asp
W3.CSSReference,/w3css/w3css_references.asp
Bootstrap 3Reference,/bootstrap/bootstrap_ref_all_classes.asp
Bootstrap 4Reference,/bootstrap4/bootstrap_ref_all_classes.asp
ColorNames,/colors/colors_names.asp
IconsReference,/icons/default.asp
SVGReference,/graphics/svg_reference.asp
CanvasReference,/graphics/canvas_reference.asp
SassReference,/sass/sass_functions_string.php
UTF-8 CharsetReference,/charsets/default.asp
UTF-8 EmojisReference,/charsets/ref_emoji_smileys.asp
JavaScriptReference,/jsref/default.asp
HTML DOMReference,/jsref/dom_obj_document.asp
jQueryReference,/jquery/jquery_ref_overview.asp
VueReference,/vue/vue_ref_builtin-attributes.php
AngularReference,/angular/angularjs_ref_directives.asp
JSONReference,/jsref/jsref_obj_json.asp
AppMLReference,/appml/appml_reference.asp
W3.JSReference,/e3js/w3js_references.asp
PythonReference,/python/python_reference.asp
SQLReference,/sql/sql_ref_keywords.asp
MySQLReference,/mysql/mysql_datatypes.asp
PHPReference,/php/php_ref_overview.asp
JavaReference,/java/java_ref_reference.asp
CReference,/c/c_ref_reference.php
C++Reference,/cpp/cpp_ref_reference.asp
DjangoReference,/django/django_ref_template_tags.php
ASPReference,/asp/asp_ref_vbscript_functions.asp
Node.jsReference,/nodejs/ref_modules.asp
XMLReference,/xml/dom_nodetype.asp
HTML,/html/html_exercises.asp
Exercise,/html/html_exercises.asp
Quiz,/html/html_quiz.asp
Challenge,/html/html_challenges.asp
CSS,/css/css_exercises.asp
Exercise,/css/css_exercises.asp
Quiz,/css/css_quiz.asp
Challenge,/css/css_challenges.asp
Bootstrap 3,/bootstrap/bootstrap_exercises.asp
Exercise,/bootstrap/bootstrap_exercises.asp
Quiz,/bootstrap/bootstrap_quiz.asp
Bootstrap 4,/bootstrap4/bootstrap_exercises.asp
Exercise,/bootstrap4/bootstrap_exercises.asp
Quiz,/bootstrap4/bootstrap_quiz.asp
Bootstrap 5,/bootstrap5/bootstrap_exercises.php
Exercise,/bootstrap5/bootstrap_exercises.php
Quiz,/bootstrap5/bootstrap_quiz.php
DSA,/dsa/dsa_exercises.php
Exercise,/dsa/dsa_exercises.php
Quiz,/dsa/dsa_quiz.php
NumPy,/python/numpy/numpy_exercises.asp
Exercise,/python/numpy/numpy_exercises.asp
Quiz,/python/numpy/numpy_quiz.asp
Pandas,/python/pandas/pandas_exercises.asp
Exercise,/python/pandas/pandas_exercises.asp
Quiz,/python/pandas/pandas_quiz.asp
SciPy,/python/scipy/scipy_exercises.php
Exercise,/python/scipy/scipy_exercises.php
Quiz,/python/scipy/scipy_quiz.php
Excel,/excel/excel_exercises.php
Exercise,/excel/excel_exercises.php
What is an Exercise?,/exercises/index.php
What is a Quiz?,/quiztest/default.asp
What is a Challenge?,/challenges/index.php
JavaScript,/js/js_exercises.asp
Exercise,/js/js_exercises.asp
Quiz,/js/js_quiz.asp
React,/react/react_exercises.asp
Exercise,/react/react_exercises.asp
Quiz,/react/react_quiz.asp
jQuery,/jquery/jquery_exercises.asp
Exercise,/jquery/jquery_exercises.asp
Quiz,/jquery/jquery_quiz.asp
Vue,/vue/vue_exercises.php
Exercise,/vue/vue_exercises.php
Quiz,/vue/vue_quiz.php
Angular,/angular/angular_exercises.asp
Exercise,/angular/angular_exercises.asp
Quiz,/angular/angular_quiz.asp
Python,/python/python_exercises.asp
Exercise,/python/python_exercises.asp
Quiz,/python/python_quiz.asp
Challenge,/python/python_challenges.asp
SQL,/sql/sql_exercises.asp
Exercise,/sql/sql_exercises.asp
Quiz,/sql/sql_quiz.asp
MySQL,/mysql/mysql_exercises.asp
Exercise,/mysql/mysql_exercises.asp
Quiz,/mysql/mysql_quiz.asp
PHP,/php/php_exercises.asp
Exercise,/php/php_exercises.asp
Quiz,/php/php_quiz.asp
Java,/java/java_exercises.asp
Exercise,/java/java_exercises.asp
Quiz,/java/java_quiz.asp
Challenge,/java/java_challenges.asp
C,/c/c_exercises.php
Exercise,/c/c_exercises.php
Quiz,/c/c_quiz.php
Challenge,/c/c_challenges.php
C++,/cpp/cpp_exercises.asp
Exercise,/cpp/cpp_exercises.asp
Quiz,/cpp/cpp_quiz.asp
Challenge,/cpp/cpp_challenges.asp
C#,/cs/cs_exercises.php
Exercise,/cs/cs_exercises.php
Quiz,/cs/cs_quiz.php
R,/r/r_exercises.asp
Exercise,/r/r_exercises.asp
Quiz,/r/r_quiz.asp
Kotlin,/kotlin/kotlin_exercises.php
Exercise,/kotlin/kotlin_exercises.php
Quiz,/kotlin/kotlin_quiz.php
Django,/django/django_exercises.php
Exercise,/django/django_exercises.php
Quiz,/django/django_quiz.php
Node.js,/nodejs/nodejs_exercises.asp
Exercise,/nodejs/nodejs_exercises.asp
Quiz,/nodejs/nodejs_quiz.asp
PostgreSQL,/postgresql/postgresql_exercises.php
Exercise,/postgresql/postgresql_exercises.php
Quiz,/postgresql/postgresql_quiz.php
TypeScript,/typescript/typescript_exercises.php
Exercise,/typescript/typescript_exercises.php
Quiz,/typescript/typescript_quiz.php
Git,/git/git_exercises.asp
Exercise,/git/git_exercises.asp
Quiz,/git/git_quiz.asp
Bash,/bash/bash_exercises.php
Exercise,/bash/bash_exercises.php
Quiz,/bash/bash_quiz.php
Go,/go/go_exercises.php
Exercise,/go/go_exercises.php
MongoDB,/mongodb/mongodb_exercises.php
Exercise,/mongodb/mongodb_exercises.php
DSA,/dsa/dsa_exercises.php
Exercise,/dsa/dsa_exercises.php
Quiz,/dsa/dsa_quiz.php
NumPy,/python/numpy/numpy_exercises.asp
Exercise,/python/numpy/numpy_exercises.asp
Quiz,/python/numpy/numpy_quiz.asp
Pandas,/python/pandas/pandas_exercises.asp
Exercise,/python/pandas/pandas_exercises.asp
Quiz,/python/pandas/pandas_quiz.asp
SciPy,/python/scipy/scipy_exercises.php
Exercise,/python/scipy/scipy_exercises.php
Quiz,/python/scipy/scipy_quiz.php
Excel,/excel/excel_exercises.php
Exercise,/excel/excel_exercises.php
What is an Exercise?,/exercises/index.php
What is a Quiz?,/quiztest/default.asp
What is a Code Challenge?,/challenges/index.php
HTML,https://campus.w3schools.com/collections/certifications/products/html-certificate
Certificate,https://campus.w3schools.com/collections/certifications/products/html-certificate
Course,https://campus.w3schools.com/collections/course-catalog/products/html-course
Bootcamp,/bootcamp/html-css.php
CSS,https://campus.w3schools.com/collections/certifications/products/css-certificate
Certificate,https://campus.w3schools.com/collections/certifications/products/css-certificate
Course,https://campus.w3schools.com/collections/course-catalog/products/css-course
Bootcamp,/bootcamp/html-css.php
Bootstrap 3,https://campus.w3schools.com/collections/certifications/products/bootstrap-3-certificate
Certificate,https://campus.w3schools.com/collections/certifications/products/bootstrap-3-certificate
Course,https://campus.w3schools.com/collections/single-courses/products/bootstrap-course
Bootstrap 4,https://campus.w3schools.com/collections/certifications/products/bootstrap-4-certificate
Certificate,https://campus.w3schools.com/collections/certifications/products/bootstrap-4-certificate
Course,https://campus.w3schools.com/collections/single-courses/products/bootstrap-4-course
Bootstrap 5,https://campus.w3schools.com/collections/certifications/products/bootstrap-5-certificate
Certificate,https://campus.w3schools.com/collections/certifications/products/bootstrap-5-certificate
DSA,https://campus.w3schools.com/products/dsa-certification-exam
Certificate,https://campus.w3schools.com/products/dsa-certification-exam
Data Analytics,https://campus.w3schools.com/products/data-analytics-program
Course,https://campus.w3schools.com/products/data-analytics-program
NumPy,https://campus.w3schools.com/products/numpy-certification-exam
Certificate,https://campus.w3schools.com/products/numpy-certification-exam
Course,https://campus.w3schools.com/products/numpy-course
Pandas,https://campus.w3schools.com/products/pandas-certification-exam
Certificate,https://campus.w3schools.com/products/pandas-certification-exam
Course,https://campus.w3schools.com/products/pandas-course
Excel,https://campus.w3schools.com/products/excel-certificate
Certificate,https://campus.w3schools.com/products/excel-certificate
Social Media,https://campus.w3schools.com/collections/course-best-sellers/products/social-media-marketing-course
Course,https://campus.w3schools.com/collections/course-best-sellers/products/social-media-marketing-course
What is a Certificate?,https://campus.w3schools.com
What is a Bootcamp?,/bootcamp/index.php
Full AccessBest Value!,https://campus.w3schools.com/collections/course-catalog/products/w3schools-full-access-course
Front End,https://campus.w3schools.com/collections/certifications/products/front-end-course
Certificate,https://campus.w3schools.com/collections/certifications/products/front-end-certificate
Course,https://campus.w3schools.com/collections/course-catalog/products/front-end-course
Web Dev.,https://campus.w3schools.com/collections/certifications/products/modern-web-development-certification
Certificate,https://campus.w3schools.com/collections/certifications/products/modern-web-development-certification
Course,https://campus.w3schools.com/collections/course-best-sellers/products/learn-modern-web-development
Web App,https://campus.w3schools.com/collections/certifications/products/web-application-development-certificates
Certificate,https://campus.w3schools.com/collections/certifications/products/web-application-development-certificates
Course,https://campus.w3schools.com/collections/course-best-sellers/products/web-application-development-course
Web Design,https://campus.w3schools.com/collections/certifications/products/web-design-certification
Certificate,https://campus.w3schools.com/collections/certifications/products/web-design-certification
Course,https://campus.w3schools.com/collections/course-best-sellers/products/learn-web-design
JavaScript,https://campus.w3schools.com/collections/certifications/products/javascript-certificate
Certificate,https://campus.w3schools.com/collections/certifications/products/javascript-certificate
Course,https://campus.w3schools.com/collections/course-catalog/products/javascript-course
Bootcamp,/bootcamp/javascript.php
React,https://campus.w3schools.com/collections/certifications/products/react-js-certificate
Certificate,https://campus.w3schools.com/collections/certifications/products/react-js-certificate
Course,https://campus.w3schools.com/collections/course-catalog/products/react-js-course
Bootcamp,/bootcamp/react.php
jQuery,https://campus.w3schools.com/collections/certifications/products/jquery-certificate
Certificate,https://campus.w3schools.com/collections/certifications/products/jquery-certificate
Course,https://campus.w3schools.com/collections/course-catalog/products/jquery-course
Vue,https://campus.w3schools.com/products/vue-js-certification-exam
Certificate,https://campus.w3schools.com/products/vue-js-certification-exam
Full AccessBest Value!,https://campus.w3schools.com/collections/course-catalog/products/w3schools-full-access-course
Front End,https://campus.w3schools.com/collections/certifications/products/front-end-certificate
Certificate,https://campus.w3schools.com/collections/certifications/products/front-end-certificate
Course,https://campus.w3schools.com/collections/course-catalog/products/front-end-course
Bootcamp,/bootcamp/web-development.php
Web Dev.,https://campus.w3schools.com/collections/certifications/products/modern-web-development-certification
Certificate,https://campus.w3schools.com/collections/certifications/products/modern-web-development-certification
Course,https://campus.w3schools.com/collections/course-best-sellers/products/learn-modern-web-development
Bootcamp,/bootcamp/web-development.php
Web App,https://campus.w3schools.com/collections/certifications/products/web-application-development-certificates
Certificate,https://campus.w3schools.com/collections/certifications/products/web-application-development-certificates
Course,https://campus.w3schools.com/collections/course-best-sellers/products/web-application-development-course
Web Design,https://campus.w3schools.com/collections/certifications/products/web-design-certification
Certificate,https://campus.w3schools.com/collections/certifications/products/web-design-certification
Course,https://campus.w3schools.com/collections/course-best-sellers/products/learn-web-design
Full AccessBest Value!,https://campus.w3schools.com/collections/course-catalog/products/w3schools-full-access-course
Front End,https://campus.w3schools.com/collections/certifications/products/front-end-certificate
Certificate,https://campus.w3schools.com/collections/certifications/products/front-end-certificate
Course,https://campus.w3schools.com/collections/course-catalog/products/front-end-course
Bootcamp,/bootcamp/web-development.php
Web Dev.,https://campus.w3schools.com/collections/certifications/products/modern-web-development-certification
Certificate,https://campus.w3schools.com/collections/certifications/products/modern-web-development-certification
Course,https://campus.w3schools.com/collections/course-best-sellers/products/learn-modern-web-development
Bootcamp,/bootcamp/web-development.php
Web App,https://campus.w3schools.com/collections/certifications/products/web-application-development-certificates
Certificate,https://campus.w3schools.com/collections/certifications/products/web-application-development-certificates
Course,https://campus.w3schools.com/collections/course-best-sellers/products/web-application-development-course
Web Design,https://campus.w3schools.com/collections/certifications/products/web-design-certification
Certificate,https://campus.w3schools.com/collections/certifications/products/web-design-certification
Course,https://campus.w3schools.com/collections/course-best-sellers/products/learn-web-design
Python,https://campus.w3schools.com/collections/certifications/products/python-certificate
Certificate,https://campus.w3schools.com/collections/certifications/products/python-certificate
Course,https://campus.w3schools.com/collections/course-catalog/products/python-course
Bootcamp,/bootcamp/python.php
SQL,https://campus.w3schools.com/collections/certifications/products/sql-certificate
Certificate,https://campus.w3schools.com/collections/certifications/products/sql-certificate
Course,https://campus.w3schools.com/collections/course-catalog/products/sql-course
Bootcamp,/bootcamp/sql.php
MySQL,https://campus.w3schools.com/collections/certifications/products/mysql-certificate
Certificate,https://campus.w3schools.com/collections/certifications/products/mysql-certificate
PHP,https://campus.w3schools.com/collections/certifications/products/php-certificate
Certificate,https://campus.w3schools.com/collections/certifications/products/php-certificate
Course,https://campus.w3schools.com/collections/course-catalog/products/php-course
Java,https://campus.w3schools.com/collections/certifications/products/java-certificate
Certificate,https://campus.w3schools.com/collections/certifications/products/java-certificate
Course,https://campus.w3schools.com/collections/course-catalog/products/java-course
C,https://campus.w3schools.com/products/c-certification-exam
Certificate,https://campus.w3schools.com/products/c-certification-exam
C++,https://campus.w3schools.com/collections/certifications/products/c-certificate
Certificate,https://campus.w3schools.com/collections/certifications/products/c-certificate
Course,https://campus.w3schools.com/collections/course-catalog/products/c-course-1
C#,https://campus.w3schools.com/collections/certifications/products/c-certificate-1
Certificate,https://campus.w3schools.com/collections/certifications/products/c-certificate-1
Course,https://campus.w3schools.com/collections/course-catalog/products/c-course
R,https://campus.w3schools.com/collections/course-catalog/products/r-course
Course,https://campus.w3schools.com/collections/course-catalog/products/r-course
Django,https://campus.w3schools.com/products/django-certification-exam
Certificate,https://campus.w3schools.com/products/django-certification-exam
NodeJS,https://campus.w3schools.com/products/nodejs-certificate
Certificate,https://campus.w3schools.com/products/nodejs-certificate
Bootcamp,/bootcamp/nodejs.php
TypeScript,https://campus.w3schools.com/collections/certifications/products/typescript-certificate
Certificate,https://campus.w3schools.com/collections/certifications/products/typescript-certificate
Course,https://campus.w3schools.com/products/learn-typescript
XML,https://campus.w3schools.com/collections/certifications/products/xml-certificate
Certificate,https://campus.w3schools.com/collections/certifications/products/xml-certificate
Course,https://campus.w3schools.com/collections/course-catalog/products/xml-course
Cyber Security,https://campus.w3schools.com/collections/certifications/products/cyber-security-certificate
Certificate,https://campus.w3schools.com/collections/certifications/products/cyber-security-certificate
Course,https://campus.w3schools.com/products/cyber-security-course
Accessibility,https://campus.w3schools.com/collections/certifications/products/accessibility-certificate
Certificate,https://campus.w3schools.com/collections/certifications/products/accessibility-certificate
Course,https://campus.w3schools.com/products/accessibility-course
DSA,https://campus.w3schools.com/products/dsa-certification-exam
Exam,https://campus.w3schools.com/products/dsa-certification-exam
Data Analytics,https://campus.w3schools.com/products/data-analytics-program
Course,https://campus.w3schools.com/products/data-analytics-program
NumPy,https://campus.w3schools.com/products/numpy-course
Course,https://campus.w3schools.com/products/numpy-course
Pandas,https://campus.w3schools.com/products/pandas-course
Course,https://campus.w3schools.com/products/pandas-course
Excel,https://campus.w3schools.com/products/excel-certificate
Certificate,https://campus.w3schools.com/products/excel-certificate
Social Media,https://campus.w3schools.com/collections/course-best-sellers/products/social-media-marketing-course
Course,https://campus.w3schools.com/collections/course-best-sellers/products/social-media-marketing-course
What is a Certificate?,https://campus.w3schools.com
Free TutorialsEnjoy our free tutorials like millions of other internet users since 1999,/tutorials/index.php
ReferencesExplore our selection of references covering all popular coding languages,/references/index.php
Create a WebsiteCreate your own website withW3Schools Spaces- no setup required,/spaces/index.php
ExercisesTest your skills with different exercises,/exercises/index.php
QuizzesTest yourself with multiple choice questions,/quiztest/default.asp
Code ChallengesTest your skills with interactive code challenges,/challenges/index.php
Get CertifiedDocument your knowledge,https://campus.w3schools.com/collections/certifications
Log in / Sign UpCreate an account to track your progress,https://profile.w3schools.com/sign-up
LeagueEarn XP and climb the ranks with different challenges,/league/
"UpgradeBecome a PLUS user and unlock powerful features (ad-free, hosting, support,..)",https://order.w3schools.com/plans
Where To StartNot sure where you want to start? Follow our guided path,/where_to_start.asp
"Code Editor (Try it)With our online code editor, you can edit code and view the result in your browser",/tryit/default.asp
BootcampsLearn from passionate instructors through live online sessions,/bootcamp/index.php
TemplatesWe have created a bunch of responsive website templates you can use - for free!,/w3css/w3css_templates.asp
"Web HostingHost your own website, and share it to the world withW3Schools Spaces",/spaces/index.php
"Create a ServerCreate your own server using Python, PHP, React.js, Node.js, Java, C#, etc.",/spaces/index.php
"How To'sLarge collection of code snippets for HTML, CSS and JavaScript",/howto/default.asp
CSS FrameworkBuild fast and responsive sites using our freeW3.CSSframework,/w3css/default.asp
VideosLearn the basics of HTML in a fun and engaging video tutorial,/videos/index.php
Browser StatisticsRead long term trends of browser usage,/browsers/default.asp
Typing SpeedTest your typing speed,/typingspeed/default.asp
"Color PickerUse our color picker to find different RGB, HEX and HSL colors.",/colors/colors_picker.asp
NewsletterJoin our newsletter and get access to exclusive content every month,https://campus.w3schools.com/pages/newsletter
Emojis ReferenceCheck out our refererence page with all the emojis supported in HTML😊,/charsets/ref_emoji_intro.asp
Code GameW3Schools Coding Game! Help the lynx collect pine cones,/codegame/index.html
UTF-8 ReferenceCheck out our full UTF-8 Character reference,/charsets/default.asp
"CommunityChat, Learn and Connect with Us on Discord",https://discord.com/invite/w3schools
TeachersContact us about W3Schools Academy for educational institutions,/academy/index.php
For BusinessesContact us about W3Schools Academy for your organization,/academy/index.php
,https://www.youtube.com/@w3schools
,https://www.linkedin.com/company/w3schools.com/
,https://discord.com/invite/w3schools
,https://www.facebook.com/w3schoolscom/
,https://www.instagram.com/w3schools.com_official/
,javascript:void(0);
HTML,/html/default.asp
CSS,/css/default.asp
JAVASCRIPT,/js/default.asp
SQL,/sql/default.asp
PYTHON,/python/default.asp
JAVA,/java/default.asp
PHP,/php/default.asp
HOW TO,/howto/default.asp
W3.CSS,/w3css/default.asp
C,/c/index.php
C++,/cpp/default.asp
C#,/cs/index.php
BOOTSTRAP,/bootstrap/bootstrap_ver.asp
REACT,/react/default.asp
MYSQL,/mysql/default.asp
JQUERY,/jquery/default.asp
EXCEL,/excel/index.php
XML,/xml/default.asp
DJANGO,/django/index.php
NUMPY,/python/numpy/default.asp
PANDAS,/python/pandas/default.asp
NODEJS,/nodejs/default.asp
DSA,/dsa/index.php
TYPESCRIPT,/typescript/index.php
ANGULAR,/angular/default.asp
ANGULARJS,/angularjs/default.asp
GIT,/git/default.asp
POSTGRESQL,/postgresql/index.php
MONGODB,/mongodb/index.php
ASP,/asp/default.asp
AI,/ai/default.asp
R,/r/default.asp
GO,/go/index.php
KOTLIN,/kotlin/index.php
SWIFT,/swift/default.asp
SASS,/sass/default.asp
VUE,/vue/index.php
GEN AI,/gen_ai/index.php
SCIPY,/python/scipy/index.php
AWS,/aws/index.php
CYBERSECURITY,/cybersecurity/index.php
DATA SCIENCE,/datascience/default.asp
INTRO TO PROGRAMMING,/programming/index.php
INTRO TO HTML & CSS,/htmlcss/default.asp
BASH,/bash/index.php
RUST,/rust/index.php
,javascript:void(0)
HTML HOME,default.asp
HTML Introduction,html_intro.asp
HTML Editors,html_editors.asp
HTML Basic,html_basic.asp
Basic,html_basic.asp
Code Challenge,html_challenges_basic.asp
HTML Elements,html_elements.asp
Elements,html_elements.asp
Code Challenge,html_challenges_elements.asp
HTML Attributes,html_attributes.asp
Attributes,html_attributes.asp
Code Challenge,html_challenges_attributes.asp
HTML Headings,html_headings.asp
Headings,html_headings.asp
Code Challenge,html_challenges_headings.asp
HTML Paragraphs,html_paragraphs.asp
Paragraphs,html_paragraphs.asp
Code Challenge,html_challenges_paragraphs.asp
HTML Styles,html_styles.asp
Styles,html_styles.asp
Code Challenge,html_challenges_styles.asp
HTML Formatting,html_formatting.asp
Formatting,html_formatting.asp
Code Challenge,html_challenges_formatting.asp
HTML Quotations,html_quotation_elements.asp
Quotations,html_quotation_elements.asp
Code Challenge,html_challenges_quotations.asp
HTML Comments,html_comments.asp
Comments,html_comments.asp
Code Challenge,html_challenges_comments.asp
HTML Colors,html_colors.asp
Colors,html_colors.asp
RGB,html_colors_rgb.asp
HEX,html_colors_hex.asp
HSL,html_colors_hsl.asp
Code Challenge,html_challenges_colors.asp
HTML CSS,html_css.asp
CSS,html_css.asp
Code Challenge,html_challenges_css.asp
HTML Links,html_links.asp
Links,html_links.asp
Link Colors,html_links_colors.asp
Link Bookmarks,html_links_bookmarks.asp
Code Challenge,html_challenges_links.asp
HTML Images,html_images.asp
Images,html_images.asp
Image Map,html_images_imagemap.asp
Background Images,html_images_background.asp
The Picture Element,html_images_picture.asp
Code Challenge,html_challenges_images.asp
HTML Favicon,html_favicon.asp
HTML Page Title,html_page_title.asp
HTML Tables,html_tables.asp
HTML Tables,html_tables.asp
Table Borders,html_table_borders.asp
Table Sizes,html_table_sizes.asp
Table Headers,html_table_headers.asp
Padding & Spacing,html_table_padding_spacing.asp
Colspan & Rowspan,html_table_colspan_rowspan.asp
Table Styling,html_table_styling.asp
Table Colgroup,html_table_colgroup.asp
Code Challenge,html_challenges_tables.asp
HTML Lists,html_lists.asp
Lists,html_lists.asp
Unordered Lists,html_lists_unordered.asp
Ordered Lists,html_lists_ordered.asp
Other Lists,html_lists_other.asp
Code Challenge,html_challenges_lists.asp
HTML Block & Inline,html_blocks.asp
Block & Inline,html_blocks.asp
Code Challenge,html_challenges_blocks.asp
HTML Div,html_div.asp
Div,html_div.asp
Code Challenge,html_challenges_div.asp
HTML Classes,html_classes.asp
Classes,html_classes.asp
Code Challenge,html_challenges_classes.asp
HTML Id,html_id.asp
Id,html_id.asp
Code Challenge,html_challenges_id.asp
HTML Buttons,html_buttons.asp
Buttons,html_buttons.asp
Code Challenge,html_challenges_buttons.asp
HTML Iframes,html_iframe.asp
Iframes,html_iframe.asp
Code Challenge,html_challenges_iframes.asp
HTML JavaScript,html_scripts.asp
JavaScript,html_scripts.asp
Code Challenge,html_challenges_scripts.asp
HTML File Paths,html_filepaths.asp
File Paths,html_filepaths.asp
Code Challenge,html_challenges_filepaths.asp
HTML Head,html_head.asp
Head,html_head.asp
Code Challenge,html_challenges_head.asp
HTML Layout,html_layout.asp
Layout,html_layout.asp
Code Challenge,html_challenges_layout.asp
HTML Responsive,html_responsive.asp
Responsive,html_responsive.asp
Code Challenge,html_challenges_responsive.asp
HTML Computercode,html_computercode_elements.asp
Computercode,html_computercode_elements.asp
Code Challenge,html_challenges_computercode.asp
HTML Semantics,html5_semantic_elements.asp
Semantics,html5_semantic_elements.asp
Code Challenge,html_challenges_semantics.asp
HTML Style Guide,html5_syntax.asp
HTML Entities,html_entities.asp
Entities,html_entities.asp
Code Challenge,html_challenges_entities.asp
HTML Symbols,html_symbols.asp
HTML Emojis,html_emojis.asp
HTML Charsets,html_charset.asp
HTML URL Encode,html_urlencode.asp
HTML vs. XHTML,html_xhtml.asp
HTML Forms,html_forms.asp
Forms,html_forms.asp
Code Challenge,html_challenges_forms.asp
HTML Form Attributes,html_forms_attributes.asp
HTML Form Elements,html_form_elements.asp
Form Elements,html_form_elements.asp
Code Challenge,html_challenges_form_elements.asp
HTML Input Types,html_form_input_types.asp
Input Types,html_form_input_types.asp
Code Challenge,html_challenges_input_types.asp
HTML Input Attributes,html_form_attributes.asp
Input Form Attributes,html_form_attributes_form.asp
HTML Canvas,html5_canvas.asp
Canvas,html5_canvas.asp
Code Challenge,html_challenges_canvas.asp
HTML SVG,html5_svg.asp
SVG,html5_svg.asp
Code Challenge,html_challenges_svg.asp
HTML Media,html_media.asp
HTML Video,html5_video.asp
Video,html5_video.asp
Code Challenge,html_challenges_video.asp
HTML Audio,html5_audio.asp
Audio,html5_audio.asp
Code Challenge,html_challenges_audio.asp
HTML Plug-ins,html_object.asp
HTML YouTube,html_youtube.asp
HTML Web APIs,html5_api_whatis.asp
HTML Geolocation,html5_geolocation.asp
HTML Drag and Drop,html5_draganddrop.asp
HTML Web Storage,html5_webstorage.asp
HTML Web Workers,html5_webworkers.asp
HTML SSE,html5_serversentevents.asp
HTML Examples,html_examples.asp
HTML Editor,html_editor.asp
HTML Quiz,html_quiz.asp
HTML Exercises,html_exercises.asp
HTML Challenges,html_challenges.asp
HTML Website,html_website.asp
HTML Syllabus,html_syllabus.asp
HTML Study Plan,html_study_plan.asp
HTML Interview Prep,html_interview_prep.asp
HTML Bootcamp,html_bootcamp.asp
HTML Certificate,html_exam.asp
HTML Summary,html_summary.asp
HTML Accessibility,html_accessibility.asp
HTML Tag List,/tags/default.asp
HTML Attributes,/tags/ref_attributes.asp
HTML Global Attributes,/tags/ref_standardattributes.asp
HTML Browser Support,/tags/ref_html_browsersupport.asp
HTML Events,/tags/ref_eventattributes.asp
HTML Colors,/tags/ref_colornames.asp
HTML Canvas,/tags/ref_canvas.asp
HTML Audio/Video,/tags/ref_av_dom.asp
HTML Doctypes,/tags/ref_html_dtd.asp
HTML Character Sets,/tags/ref_charactersets.asp
HTML URL Encode,/tags/ref_urlencode.asp
HTML Lang Codes,/tags/ref_language_codes.asp
HTTP Messages,/tags/ref_httpmessages.asp
HTTP Methods,/tags/ref_httpmethods.asp
PX to EM Converter,/tags/ref_pxtoemconversion.asp
Keyboard Shortcuts,/tags/ref_keyboardshortcuts.asp
❮ Home,/default.asp
Next ❯,html_intro.asp
Learn HTML Now »,html_intro.asp
Upgrade to our HTML Course,https://campus.w3schools.com/collections/course-catalog/products/html-course
🏁,https://profile.w3schools.com/signup
Sign in,https://profile.w3schools.com/signup
Try it Yourself »,tryit.asp?filename=tryhtml_default
See all HTML Examples,html_examples.asp
See all HTML Exercises,html_exercises.asp
Start HTML Quiz!,html_quiz.asp
Sign Up »,https://profile.w3schools.com/sign-up
HTML Elements,/tags/default.asp
Browser Support,/tags/ref_html_browsersupport.asp
Attributes,/tags/ref_attributes.asp
Global Attributes,/tags/ref_standardattributes.asp
Event Attributes,/tags/ref_eventattributes.asp
Color Names,/tags/ref_colornames.asp
Canvas,/tags/ref_canvas.asp
Audio/Video DOM,/tags/ref_av_dom.asp
Character Sets,/tags/ref_charactersets.asp
URL Encoding,/tags/ref_urlencode.asp
Language Codes,/tags/ref_language_codes.asp
Country Codes,/tags/ref_country_codes.asp
HTTP Messages,/tags/ref_httpmessages.asp
Px to Em Converter,/tags/ref_pxtoemconversion.asp
Keyboard Shortcuts,/tags/ref_keyboardshortcuts.asp
Get certified,https://campus.w3schools.com/collections/course-catalog
,https://youtu.be/BzYMFd-lQL4
❮ Home,/default.asp
Next ❯,html_intro.asp
★+1,https://profile.w3schools.com/log-in?redirect_url=https%3A%2F%2Fmy-learning.w3schools.com
Sign in to track progress,https://profile.w3schools.com/log-in?redirect_url=https%3A%2F%2Fpathfinder.w3schools.com
,https://campus.w3schools.com/products/w3schools-full-access-course
COLOR PICKER,/colors/colors_picker.asp
,/colors/colors_picker.asp
,https://www.youtube.com/@w3schools
,https://www.linkedin.com/company/w3schools.com/
,https://discord.com/invite/w3schools
,https://www.facebook.com/w3schoolscom/
,https://www.instagram.com/w3schools.com_official/
,https://www.tiktok.com/@w3schools.com
REMOVE ADS,https://order.w3schools.com/plans
,//www.w3schools.com
PLUS,https://order.w3schools.com/plans
SPACES,/spaces/index.php
GET CERTIFIED,https://campus.w3schools.com/collections/certifications
FOR TEACHERS,/academy/index.php
BOOTCAMPS,/bootcamp/index.php
CONTACT US,javascript:void(0);
HTML Tutorial,/html/default.asp
CSS Tutorial,/css/default.asp
JavaScript Tutorial,/js/default.asp
How To Tutorial,/howto/default.asp
SQL Tutorial,/sql/default.asp
Python Tutorial,/python/default.asp
W3.CSS Tutorial,/w3css/default.asp
Bootstrap Tutorial,/bootstrap/bootstrap_ver.asp
PHP Tutorial,/php/default.asp
Java Tutorial,/java/default.asp
C++ Tutorial,/cpp/default.asp
jQuery Tutorial,/jquery/default.asp
HTML Reference,/tags/default.asp
CSS Reference,/cssref/index.php
JavaScript Reference,/jsref/default.asp
SQL Reference,/sql/sql_ref_keywords.asp
Python Reference,/python/python_reference.asp
W3.CSS Reference,/w3css/w3css_references.asp
Bootstrap Reference,/bootstrap/bootstrap_ref_all_classes.asp
PHP Reference,/php/php_ref_overview.asp
HTML Colors,/colors/colors_names.asp
Java Reference,/java/java_ref_keywords.asp
AngularJS Reference,/angularjs/angularjs_ref_directives.asp
jQuery Reference,/jquery/jquery_ref_overview.asp
HTML Examples,/html/html_examples.asp
CSS Examples,/css/css_examples.asp
JavaScript Examples,/js/js_examples.asp
How To Examples,/howto/default.asp
SQL Examples,/sql/sql_examples.asp
Python Examples,/python/python_examples.asp
W3.CSS Examples,/w3css/w3css_examples.asp
Bootstrap Examples,/bootstrap/bootstrap_examples.asp
PHP Examples,/php/php_examples.asp
Java Examples,/java/java_examples.asp
XML Examples,/xml/xml_examples.asp
jQuery Examples,/jquery/jquery_examples.asp
Get Certified,https://campus.w3schools.com/collections/course-catalog
HTML Certificate,https://campus.w3schools.com/collections/certifications/products/html-certificate
CSS Certificate,https://campus.w3schools.com/collections/certifications/products/css-certificate
JavaScript Certificate,https://campus.w3schools.com/collections/certifications/products/javascript-certificate
Front End Certificate,https://campus.w3schools.com/collections/certifications/products/front-end-certificate
SQL Certificate,https://campus.w3schools.com/collections/certifications/products/sql-certificate
Python Certificate,https://campus.w3schools.com/collections/certifications/products/python-certificate
PHP Certificate,https://campus.w3schools.com/collections/certifications/products/php-certificate
jQuery Certificate,https://campus.w3schools.com/collections/certifications/products/jquery-certificate
Java Certificate,https://campus.w3schools.com/collections/certifications/products/java-certificate
C++ Certificate,https://campus.w3schools.com/collections/certifications/products/c-certificate
C# Certificate,https://campus.w3schools.com/collections/certifications/products/c-certificate-1
XML Certificate,https://campus.w3schools.com/collections/certifications/products/xml-certificate
,https://www.youtube.com/@w3schools
,https://www.linkedin.com/company/w3schools.com/
,https://discord.com/invite/w3schools
,https://www.facebook.com/w3schoolscom/
,https://www.instagram.com/w3schools.com_official/
FORUM,/forum/index.php
ABOUT,/about/default.asp
ACADEMY,/academy/index.php
terms of use,/about/about_copyright.asp
cookies,
privacy policy,/about/about_privacy.asp
Copyright 1999-2026,/about/about_copyright.asp
W3Schools is Powered by W3.CSS,//www.w3schools.com/w3css/default.asp
